<?xml version="1.0" encoding="UTF-8"?>

<process name="expense" xmlns="http://jbpm.org/4.4/jpdl">
   <start name="start" g="50,28,48,48">
      <transition name="to 填报销单" to="填报销单" g="-71,-17"/>
   </start>
   <end name="end" g="611,339,48,48"/>
   <task name="填报销单" g="56,150,92,52" assignee="1">
      <transition name="to 经理审核" to="经理审核" g="-71,-17"/>
   </task>
   <task name="经理审核" g="219,151,92,52" assignee="2">
      <transition name="to 总经理审核" to="总经理审核" g="-83,-17"/>
   </task>
   <task name="总经理审核" g="401,152,92,52" assignee="3">
      <transition name="to 领取金额" to="领取金额" g="-71,-17"/>
   </task>
   <task name="领取金额" g="572,151,92,52" assignee="1">
      <transition name="to end" to="end" g="-47,-17"/>
   </task> 
</process>